ULO3	ULO3_sample_041	gagcttac:gagcttac	GGWACWRGWTGRACWNTNTAYCCYCC	TANACYTCNGGRTGNCCRAARAAYCA
ULO3	ULO3_sample_042	atggaggt:atggaggt	GGWACWRGWTGRACWNTNTAYCCYCC	TANACYTCNGGRTGNCCRAARAAYCA
ULO3	ULO3_sample_043	tgctccaa:tgctccaa	GGWACWRGWTGRACWNTNTAYCCYCC	TANACYTCNGGRTGNCCRAARAAYCA
ULO3	ULO3_sample_044	agttccac:agttccac	GGWACWRGWTGRACWNTNTAYCCYCC	TANACYTCNGGRTGNCCRAARAAYCA
ULO3	ULO3_sample_047	ctgtcaac:ctgtcaac	GGWACWRGWTGRACWNTNTAYCCYCC	TANACYTCNGGRTGNCCRAARAAYCA
ULO3	ULO3_sample_048	aacgcgat:aacgcgat	GGWACWRGWTGRACWNTNTAYCCYCC	TANACYTCNGGRTGNCCRAARAAYCA
ULO3	ULO3_sample_049	ttaccagg:ttaccagg	GGWACWRGWTGRACWNTNTAYCCYCC	TANACYTCNGGRTGNCCRAARAAYCA
ULO3	ULO3_sample_052	aaccaacg:aaccaacg	GGWACWRGWTGRACWNTNTAYCCYCC	TANACYTCNGGRTGNCCRAARAAYCA
ULO3	ULO3_sample_053	gagttcct:gagttcct	GGWACWRGWTGRACWNTNTAYCCYCC	TANACYTCNGGRTGNCCRAARAAYCA
ULO3	ULO3_sample_054	ggatgtct:ggatgtct	GGWACWRGWTGRACWNTNTAYCCYCC	TANACYTCNGGRTGNCCRAARAAYCA
ULO3	ULO3_sample_058	ctgagtct:ctgagtct	GGWACWRGWTGRACWNTNTAYCCYCC	TANACYTCNGGRTGNCCRAARAAYCA
ULO3	ULO3_sample_059	ggagaaga:ggagaaga	GGWACWRGWTGRACWNTNTAYCCYCC	TANACYTCNGGRTGNCCRAARAAYCA
ULO3	ULO3_sample_060	ctgcgaat:ctgcgaat	GGWACWRGWTGRACWNTNTAYCCYCC	TANACYTCNGGRTGNCCRAARAAYCA
ULO3	ULO3_sample_069	aacctagc:aacctagc	GGWACWRGWTGRACWNTNTAYCCYCC	TANACYTCNGGRTGNCCRAARAAYCA
ULO3	ULO3_sample_070	agaatgcc:agaatgcc	GGWACWRGWTGRACWNTNTAYCCYCC	TANACYTCNGGRTGNCCRAARAAYCA
ULO3	ULO3_sample_071	gatacgct:gatacgct	GGWACWRGWTGRACWNTNTAYCCYCC	TANACYTCNGGRTGNCCRAARAAYCA
